player,team,season,previous_market_value_eur,market_value_eur,market_value_change_from_previous_eur,predicted_market_value_change_eur,predicted_market_value_eur,error_eur,absolute_error_eur
Erling Haaland,Manchester City,2025,200000000.0,200000000,0.0,8819713.467088468,208819713.46708846,8819713.46708846,8819713.46708846
Antoine Semenyo,"Bournemouth,Manchester City",2025,75000000.0,80000000,5000000.0,1893549.065177741,76893549.06517774,-3106450.9348222613,3106450.9348222613
Ollie Watkins,Aston Villa,2025,30000000.0,25000000,-5000000.0,-3112292.667980171,26887707.33201983,1887707.3320198283,1887707.3320198283
Morgan Gibbs-White,Nottingham Forest,2025,60000000.0,70000000,10000000.0,-502996.1454667334,59497003.85453327,-10502996.14546673,10502996.14546673
João Pedro,Chelsea,2025,75000000.0,80000000,5000000.0,-1088154.9966917622,73911845.00330824,-6088154.996691763,6088154.996691763
Dominic Calvert-Lewin,Leeds,2025,22000000.0,22000000,0.0,-798094.6944939588,21201905.30550604,-798094.6944939606,798094.6944939606
Viktor Gyokeres,Arsenal,2025,65000000.0,65000000,0.0,-4019603.5631035655,60980396.436896436,-4019603.563103564,4019603.563103564
Danny Welbeck,Brighton,2025,4000000.0,3000000,-1000000.0,255690.25024069066,4255690.250240691,1255690.250240691,1255690.250240691
Jean-Philippe Mateta,Crystal Palace,2025,35000000.0,30000000,-5000000.0,-940469.1770806012,34059530.8229194,4059530.8229193985,4059530.8229193985
Richarlison,Tottenham,2025,28000000.0,25000000,-3000000.0,-396202.4824304236,27603797.517569575,2603797.5175695755,2603797.5175695755
Bryan Mbeumo,Manchester United,2025,80000000.0,75000000,-5000000.0,-1291872.3123281954,78708127.68767181,3708127.6876718104,3708127.6876718104
Hugo Ekitike,Liverpool,2025,90000000.0,80000000,-10000000.0,-3394643.8153349897,86605356.18466501,6605356.184665009,6605356.184665009
Benjamin Sesko,Manchester United,2025,65000000.0,75000000,10000000.0,-4221628.96213264,60778371.03786736,-14221628.96213264,14221628.96213264
Zian Flemming,Burnley,2025,12000000.0,12000000,0.0,914862.6758458252,12914862.675845826,914862.675845826,914862.675845826
Harry Wilson,Fulham,2025,25000000.0,25000000,0.0,870683.164958823,25870683.164958823,870683.1649588235,870683.1649588235
Matheus Cunha,Manchester United,2025,70000000.0,75000000,5000000.0,727301.5407499105,70727301.54074991,-4272698.4592500925,4272698.4592500925
Cole Palmer,Chelsea,2025,110000000.0,100000000,-10000000.0,-9833697.210741326,100166302.78925867,166302.7892586738,166302.7892586738
Enzo Fernández,Chelsea,2025,90000000.0,90000000,0.0,7318698.81969882,97318698.81969883,7318698.8196988255,7318698.8196988255
Morgan Rogers,Aston Villa,2025,80000000.0,90000000,10000000.0,-439341.0505616385,79560658.94943836,-10439341.050561637,10439341.050561637
Bruno Fernandes,Manchester United,2025,40000000.0,35000000,-5000000.0,-410428.87884103047,39589571.12115897,4589571.121158972,4589571.121158972
Jarrod Bowen,West Ham,2025,35000000.0,30000000,-5000000.0,-950062.8076988366,34049937.19230116,4049937.1923011616,4049937.1923011616
Casemiro,Manchester United,2025,8000000.0,6000000,-2000000.0,-258611.89923910514,7741388.100760895,1741388.1007608948,1741388.1007608948
Raúl Jiménez,Fulham,2025,4000000.0,3000000,-1000000.0,-105768.29413422763,3894231.7058657724,894231.7058657724,894231.7058657724
Ismaila Sarr,Crystal Palace,2025,35000000.0,40000000,5000000.0,78975.55559671926,35078975.55559672,-4921024.444403283,4921024.444403283
Bruno Guimarães,Newcastle United,2025,75000000.0,70000000,-5000000.0,-759466.73958087,74240533.26041913,4240533.26041913,4240533.26041913
Beto,Everton,2025,20000000.0,18000000,-2000000.0,487945.2861331852,20487945.286133185,2487945.286133185,2487945.286133185
Nick Woltemade,Newcastle United,2025,65000000.0,55000000,-10000000.0,-452935.3280399924,64547064.67196001,9547064.671960011,9547064.671960011
Kevin Schade,Brentford,2025,35000000.0,35000000,0.0,1699279.8868980182,36699279.88689802,1699279.8868980184,1699279.8868980184
Kiernan Dewsbury-Hall,Everton,2025,32000000.0,35000000,3000000.0,1404887.3945264022,33404887.394526403,-1595112.6054735966,1595112.6054735966
Jaidon Anthony,Burnley,2025,18000000.0,20000000,2000000.0,719791.8367138556,18719791.836713854,-1280208.1632861458,1280208.1632861458
Noah Okafor,Leeds,2025,18000000.0,25000000,7000000.0,1060273.6667129777,19060273.666712977,-5939726.333287023,5939726.333287023
Thierno Barry,Everton,2025,30000000.0,30000000,0.0,1589509.188829108,31589509.18882911,1589509.188829109,1589509.188829109
Callum Wilson,West Ham,2025,5000000.0,4000000,-1000000.0,-562393.4154597234,4437606.584540277,437606.5845402768,437606.5845402768
Mohamed Salah,Liverpool,2025,30000000.0,22000000,-8000000.0,-5581666.761479265,24418333.238520734,2418333.238520734,2418333.238520734
Phil Foden,Manchester City,2025,80000000.0,70000000,-10000000.0,-5983021.3790838765,74016978.62091613,4016978.620916128,4016978.620916128
Harvey Barnes,Newcastle United,2025,32000000.0,32000000,0.0,-525718.943395574,31474281.056604426,-525718.9433955736,525718.9433955736
Bukayo Saka,Arsenal,2025,120000000.0,110000000,-10000000.0,-8583323.602731695,111416676.39726831,1416676.3972683102,1416676.3972683102
Eberechi Eze,"Arsenal,Crystal Palace",2025,60000000.0,65000000,5000000.0,-2973922.49296597,57026077.50703403,-7973922.492965966,7973922.492965966
William Osula,Newcastle United,2025,15000000.0,28000000,13000000.0,2085879.622168384,17085879.622168384,-10914120.377831616,10914120.377831616
Dango Ouattara,Brentford,2025,35000000.0,35000000,0.0,1190006.3995730402,36190006.39957304,1190006.399573043,1190006.399573043
Brian Brobbey,Sunderland,2025,25000000.0,30000000,5000000.0,17856.10783763028,25017856.10783763,-4982143.892162371,4982143.892162371
Marcus Tavernier,Bournemouth,2025,23000000.0,25000000,2000000.0,1162089.1595978253,24162089.159597825,-837910.8404021747,837910.8404021747
Cody Gakpo,Liverpool,2025,65000000.0,60000000,-5000000.0,-3128240.3730528736,61871759.62694713,1871759.6269471273,1871759.6269471273
Virgil van Dijk,Liverpool,2025,18000000.0,15000000,-3000000.0,-1516523.053417171,16483476.94658283,1483476.9465828296,1483476.9465828296
Emiliano Buendía,Aston Villa,2025,18000000.0,16000000,-2000000.0,-78196.76623186875,17921803.23376813,1921803.2337681316,1921803.2337681316
Lukas Nmecha,Leeds,2025,10000000.0,10000000,0.0,231138.3157369271,10231138.315736927,231138.3157369271,231138.3157369271
Wilson Isidor,Sunderland,2025,18000000.0,18000000,0.0,926540.8547293566,18926540.854729358,926540.8547293581,926540.8547293581
Leandro Trossard,Arsenal,2025,20000000.0,18000000,-2000000.0,-2180695.3717578733,17819304.628242128,-180695.3717578724,180695.3717578724
Anthony Gordon,Newcastle United,2025,60000000.0,65000000,5000000.0,-1427159.1383054147,58572840.86169458,-6427159.138305418,6427159.138305418
Iliman Ndiaye,Everton,2025,50000000.0,55000000,5000000.0,283937.5030142245,50283937.50301422,-4716062.496985778,4716062.496985778
Dominik Szoboszlai,Liverpool,2025,100000000.0,100000000,0.0,1280635.8611432144,101280635.86114322,1280635.8611432165,1280635.8611432165
Evanilson,Bournemouth,2025,35000000.0,35000000,0.0,-2410161.4355695234,32589838.564430475,-2410161.4355695248,2410161.4355695248
Igor Jesus,Nottingham Forest,2025,22000000.0,25000000,3000000.0,594676.7176233195,22594676.71762332,-2405323.2823766805,2405323.2823766805
Pedro Neto,Chelsea,2025,60000000.0,60000000,0.0,1955794.157231654,61955794.15723165,1955794.1572316512,1955794.1572316512
Martín Zubimendi,Arsenal,2025,80000000.0,75000000,-5000000.0,-1985901.7931959105,78014098.2068041,3014098.2068040967,3014098.2068040967
John McGinn,Aston Villa,2025,15000000.0,13000000,-2000000.0,-1084704.091315495,13915295.908684505,915295.9086845051,915295.9086845051
Tomas Soucek,West Ham,2025,12000000.0,10000000,-2000000.0,-1305741.782137724,10694258.217862276,694258.2178622764,694258.2178622764
Florian Wirtz,Liverpool,2025,110000000.0,100000000,-10000000.0,-5995337.563308151,104004662.43669185,4004662.4366918504,4004662.4366918504
Enzo Le Fée,Sunderland,2025,25000000.0,28000000,3000000.0,1155872.7628888618,26155872.762888864,-1844127.2371111363,1844127.2371111363
Jéremy Doku,Manchester City,2025,65000000.0,75000000,10000000.0,577718.7246304894,65577718.72463049,-9422281.27536951,9422281.27536951
Crysencio Summerville,West Ham,2025,30000000.0,35000000,5000000.0,292812.41716831544,30292812.417168316,-4707187.5828316845,4707187.5828316845
Anton Stach,Leeds,2025,25000000.0,28000000,3000000.0,350188.44424487365,25350188.444244873,-2649811.555755127,2649811.555755127
Ryan Gravenberch,Liverpool,2025,90000000.0,80000000,-10000000.0,2016711.9913039028,92016711.9913039,12016711.991303906,12016711.991303906
João Palhinha,Tottenham,2025,18000000.0,15000000,-3000000.0,-3680242.233311353,14319757.766688647,-680242.2333113533,680242.2333113533
Nico O&#039;Reilly,Manchester City,2025,50000000.0,70000000,20000000.0,3799450.3024996454,53799450.302499644,-16200549.697500356,16200549.697500356
Tijjani Reijnders,Manchester City,2025,60000000.0,50000000,-10000000.0,-2270646.8838761454,57729353.116123855,7729353.116123855,7729353.116123855
Diego Gómez,Brighton,2025,25000000.0,25000000,0.0,1881075.6173459606,26881075.61734596,1881075.617345959,1881075.617345959
Rayan,Bournemouth,2025,40000000.0,60000000,20000000.0,47018.94187008996,40047018.94187009,-19952981.058129907,19952981.058129907
Alex Iwobi,Fulham,2025,25000000.0,20000000,-5000000.0,-2874692.7511450546,22125307.248854946,2125307.2488549463,2125307.2488549463
Mikel Merino,Arsenal,2025,30000000.0,25000000,-5000000.0,-3209063.9189646537,26790936.081035346,1790936.0810353458,1790936.0810353458
Declan Rice,Arsenal,2025,120000000.0,120000000,0.0,-4887766.997300087,115112233.00269991,-4887766.997300088,4887766.997300088
Cristian Romero,Tottenham,2025,50000000.0,45000000,-5000000.0,-2410450.087686616,47589549.91231339,2589549.912313387,2589549.912313387
Lucas Paquetá,West Ham,2025,35000000.0,32000000,-3000000.0,-2337495.981988345,32662504.018011656,662504.0180116557,662504.0180116557
Taiwo Awoniyi,Nottingham Forest,2025,9000000.0,8000000,-1000000.0,-897769.2055695341,8102230.794430466,102230.79443046637,102230.79443046637
Malick Thiaw,Newcastle United,2025,45000000.0,45000000,0.0,2561658.013666149,47561658.01366615,2561658.013666153,2561658.013666153
Mikkel Damsgaard,Brentford,2025,30000000.0,30000000,0.0,1568192.5480766937,31568192.548076693,1568192.548076693,1568192.548076693
Elliot Anderson,Nottingham Forest,2025,60000000.0,75000000,15000000.0,2979251.621472211,62979251.62147221,-12020748.37852779,12020748.37852779
Donyell Malen,Aston Villa,2025,35000000.0,45000000,10000000.0,-1104681.8380000594,33895318.16199994,-11104681.83800006,11104681.83800006
Mathys Tel,Tottenham,2025,25000000.0,22000000,-3000000.0,-2387214.753163238,22612785.246836763,612785.2468367629,612785.2468367629
Micky van de Ven,Tottenham,2025,65000000.0,50000000,-15000000.0,1784905.5355645912,66784905.535564594,16784905.535564594,16784905.535564594
Brenden Aaronson,Leeds,2025,18000000.0,22000000,4000000.0,1134682.4512342205,19134682.45123422,-2865317.5487657785,2865317.5487657785
Jørgen Strand Larsen,"Crystal Palace,Wolverhampton Wanderers",2025,45000000.0,40000000,-5000000.0,-1380199.9716390932,43619800.0283609,3619800.0283609033,3619800.0283609033
Jack Hinshelwood,Brighton,2025,22000000.0,28000000,6000000.0,1468789.007038407,23468789.007038407,-4531210.992961593,4531210.992961593
Patrick Dorgu,Manchester United,2025,35000000.0,35000000,0.0,91231.91447860567,35091231.91447861,91231.91447860748,91231.91447860748
Daniel Muñoz,Crystal Palace,2025,27000000.0,22000000,-5000000.0,-2467192.6574743525,24532807.342525646,2532807.342525646,2532807.342525646
Chemsdine Talbi,Sunderland,2025,25000000.0,25000000,0.0,626853.3470061586,25626853.347006157,626853.347006157,626853.347006157
Ross Barkley,Aston Villa,2025,5000000.0,4000000,-1000000.0,-524052.69389688125,4475947.306103119,475947.3061031187,475947.3061031187
Michael Keane,Everton,2025,4000000.0,3000000,-1000000.0,-210749.55716943063,3789250.4428305696,789250.4428305696,789250.4428305696
Dominic Solanke,Tottenham,2025,35000000.0,28000000,-7000000.0,-1927137.6122920236,33072862.387707975,5072862.387707975,5072862.387707975
Chris Wood,Nottingham Forest,2025,6000000.0,5000000,-1000000.0,-1302994.50677235,4697005.4932276495,-302994.5067723505,302994.5067723505
Alexander Isak,Liverpool,2025,100000000.0,85000000,-15000000.0,-13204249.369230984,86795750.63076901,1795750.6307690144,1795750.6307690144
Gabriel Jesus,Arsenal,2025,20000000.0,17000000,-3000000.0,-2808091.1943448707,17191908.80565513,191908.80565512925,191908.80565512925
Gabriel,Arsenal,2025,75000000.0,75000000,0.0,-1007673.327938034,73992326.67206196,-1007673.3279380351,1007673.3279380351
Nordi Mukiele,Sunderland,2025,18000000.0,16000000,-2000000.0,86635.18399436053,18086635.18399436,2086635.1839943603,2086635.1839943603
Jacob Murphy,Newcastle United,2025,15000000.0,12000000,-3000000.0,-1088677.04096201,13911322.95903799,1911322.9590379894,1911322.9590379894
Callum Hudson-Odoi,Nottingham Forest,2025,30000000.0,30000000,0.0,178840.2324150105,30178840.23241501,178840.2324150093,178840.2324150093
Trevoh Chalobah,Chelsea,2025,40000000.0,40000000,0.0,2545248.343408304,42545248.3434083,2545248.3434083015,2545248.3434083015
Konstantinos Mavropanos,West Ham,2025,15000000.0,18000000,3000000.0,251044.61687697595,15251044.616876977,-2748955.3831230234,2748955.3831230234
Ryan Sessegnon,Fulham,2025,20000000.0,22000000,2000000.0,320743.67487578245,20320743.67487578,-1679256.325124219,1679256.325124219
Georginio Rutter,Brighton,2025,30000000.0,30000000,0.0,-2053334.5417568218,27946665.458243176,-2053334.5417568237,2053334.5417568237
Mathias Jensen,Brentford,2025,12000000.0,10000000,-2000000.0,-291214.2213232044,11708785.778676795,1708785.7786767948,1708785.7786767948
Samuel Chukwueze,Fulham,2025,15000000.0,18000000,3000000.0,74192.32515192122,15074192.32515192,-2925807.6748480797,2925807.6748480797
Emile Smith-Rowe,Fulham,2025,22000000.0,20000000,-2000000.0,-349045.6597336421,21650954.340266358,1650954.340266358,1650954.340266358
Lyle Foster,Burnley,2025,10000000.0,8000000,-2000000.0,367911.404873185,10367911.404873185,2367911.404873185,2367911.404873185
Marc Guehi,"Crystal Palace,Manchester City",2025,65000000.0,70000000,5000000.0,2128694.302837686,67128694.30283768,-2871305.6971623152,2871305.6971623152
Mason Mount,Manchester United,2025,30000000.0,25000000,-5000000.0,-1288447.9671502972,28711552.032849703,3711552.032849703,3711552.032849703
Amine Adli,Bournemouth,2025,20000000.0,20000000,0.0,-1501330.7316136733,18498669.268386327,-1501330.7316136733,1501330.7316136733
Omar Marmoush,Manchester City,2025,60000000.0,50000000,-10000000.0,-4711320.977633479,55288679.022366524,5288679.022366524,5288679.022366524
Tolu Arokodare,Wolverhampton Wanderers,2025,22000000.0,20000000,-2000000.0,-433182.87725882715,21566817.122741174,1566817.122741174,1566817.122741174
Moisés Caicedo,Chelsea,2025,110000000.0,100000000,-10000000.0,-3387255.2170052156,106612744.78299478,6612744.782994777,6612744.782994777
Kaoru Mitoma,Brighton,2025,25000000.0,22000000,-3000000.0,-3572980.560435283,21427019.439564716,-572980.5604352839,572980.5604352839
Jan Paul van Hecke,Brighton,2025,35000000.0,45000000,10000000.0,3630683.292334028,38630683.29233403,-6369316.707665972,6369316.707665972
Keane Lewis-Potter,Brentford,2025,25000000.0,25000000,0.0,-471980.35621148575,24528019.643788513,-471980.3562114872,471980.3562114872
Santiago Bueno,Wolverhampton Wanderers,2025,10000000.0,10000000,0.0,273464.4331044287,10273464.43310443,273464.4331044294,273464.4331044294
Yasin Ayari,Brighton,2025,30000000.0,35000000,5000000.0,159334.61163314988,30159334.611633148,-4840665.388366852,4840665.388366852
Jurriën Timber,Arsenal,2025,70000000.0,70000000,0.0,-209482.63780568982,69790517.36219431,-209482.6378056854,209482.6378056854
Alex Scott,Bournemouth,2025,40000000.0,50000000,10000000.0,1857255.1946225127,41857255.19462251,-8142744.805377491,8142744.805377491
Rodrigo Gomes,Wolverhampton Wanderers,2025,15000000.0,15000000,0.0,-387751.79345103295,14612248.206548966,-387751.79345103353,387751.79345103353
Yankuba Minteh,Brighton,2025,40000000.0,45000000,5000000.0,1747343.8416533086,41747343.84165331,-3252656.1583466902,3252656.1583466902
Mateus Fernandes,West Ham,2025,35000000.0,50000000,15000000.0,3724734.8820921173,38724734.88209212,-11275265.117907882,11275265.117907882
Mateus Mané,Wolverhampton Wanderers,2025,20000000.0,20000000,0.0,2991164.545584216,22991164.545584217,2991164.5455842167,2991164.5455842167
Joelinton,Newcastle United,2025,30000000.0,25000000,-5000000.0,-2601210.8585920758,27398789.141407926,2398789.1414079256,2398789.1414079256
Idrissa Gueye,Everton,2025,1000000.0,500000,-500000.0,-39737.59577637516,960262.4042236248,460262.40422362485,460262.40422362485
Jack Grealish,Everton,2025,25000000.0,20000000,-5000000.0,-2489325.329490769,22510674.67050923,2510674.6705092303,2510674.6705092303
Tammy Abraham,Aston Villa,2025,20000000.0,18000000,-2000000.0,-2124899.4943508394,17875100.50564916,-124899.4943508394,124899.4943508394
Josh Cullen,Burnley,2025,6000000.0,4000000,-2000000.0,-650153.7945461252,5349846.205453875,1349846.2054538745,1349846.2054538745
Federico Chiesa,Liverpool,2025,15000000.0,13000000,-2000000.0,-1383699.7312134614,13616300.268786538,616300.2687865384,616300.2687865384
James Tarkowski,Everton,2025,7000000.0,5000000,-2000000.0,-192809.70241551189,6807190.297584488,1807190.297584488,1807190.297584488
Bernardo Silva,Manchester City,2025,27000000.0,22000000,-5000000.0,-2409192.4858766953,24590807.514123306,2590807.5141233057,2590807.5141233057
Adam Armstrong,Wolverhampton Wanderers,2025,8000000.0,6000000,-2000000.0,-1007500.7589400434,6992499.241059957,992499.2410599571,992499.2410599571
Kai Havertz,Arsenal,2025,50000000.0,55000000,5000000.0,-4500271.879128494,45499728.12087151,-9500271.879128493,9500271.879128493
Ibrahim Sangare,Nottingham Forest,2025,22000000.0,20000000,-2000000.0,-793672.9235734042,21206327.076426595,1206327.0764265954,1206327.0764265954
Joe Rodon,Leeds,2025,15000000.0,18000000,3000000.0,305783.86853713635,15305783.868537135,-2694216.1314628646,2694216.1314628646
Eddie Nketiah,Crystal Palace,2025,14000000.0,10000000,-4000000.0,-2014887.939747957,11985112.060252042,1985112.0602520425,1985112.0602520425
Tom Cairney,Fulham,2025,750000.0,500000,-250000.0,-98875.66693854888,651124.3330614511,151124.3330614511,151124.3330614511
Justin Kluivert,Bournemouth,2025,30000000.0,25000000,-5000000.0,-3265490.435283472,26734509.56471653,1734509.564716529,1734509.564716529
Sean Longstaff,Leeds,2025,16000000.0,15000000,-1000000.0,-1607981.1726028016,14392018.827397197,-607981.1726028025,607981.1726028025
Tyler Adams,Bournemouth,2025,25000000.0,25000000,0.0,-320337.8822136225,24679662.117786378,-320337.88221362233,320337.88221362233
James Garner,Everton,2025,35000000.0,45000000,10000000.0,1315891.5342046923,36315891.53420469,-8684108.465795308,8684108.465795308
James Justin,Leeds,2025,12000000.0,12000000,0.0,-416919.87166175025,11583080.12833825,-416919.8716617506,416919.8716617506
Joshua Zirkzee,Manchester United,2025,22000000.0,20000000,-2000000.0,-1669721.9900199387,20330278.00998006,330278.00998006016,330278.00998006016
Reece James,Chelsea,2025,60000000.0,60000000,0.0,131411.45822124294,60131411.45822124,131411.45822124183,131411.45822124183
Neco Williams,Nottingham Forest,2025,25000000.0,28000000,3000000.0,2709573.580330067,27709573.580330066,-290426.4196699336,290426.4196699336
Alexis Mac Allister,Liverpool,2025,80000000.0,70000000,-10000000.0,-9295546.344858853,70704453.65514114,704453.655141145,704453.655141145
Xavi Simons,Tottenham,2025,50000000.0,40000000,-10000000.0,-3432868.6521811527,46567131.347818844,6567131.347818844,6567131.347818844
Hee-Chan Hwang,Wolverhampton Wanderers,2025,8000000.0,6000000,-2000000.0,-911401.6243215883,7088598.375678412,1088598.3756784117,1088598.3756784117
Jacob Ramsey,Newcastle United,2025,35000000.0,35000000,0.0,-1581520.0513548446,33418479.948645156,-1581520.0513548441,1581520.0513548441
Rúben Dias,Manchester City,2025,60000000.0,55000000,-5000000.0,-4982168.640283576,55017831.35971642,17831.359716422856,17831.359716422856
Malo Gusto,Chelsea,2025,35000000.0,35000000,0.0,1647218.459186724,36647218.459186725,1647218.4591867253,1647218.4591867253
Yeremi Pino,Crystal Palace,2025,35000000.0,30000000,-5000000.0,70931.63362202155,35070931.63362202,5070931.6336220205,5070931.6336220205
Amadou Onana,Aston Villa,2025,45000000.0,45000000,0.0,-2355868.0800133008,42644131.9199867,-2355868.0800132975,2355868.0800132975
Habib Diarra,Sunderland,2025,32000000.0,35000000,3000000.0,-1892115.6458378618,30107884.354162138,-4892115.645837862,4892115.645837862
Josko Gvardiol,Manchester City,2025,70000000.0,70000000,0.0,-1747561.08798214,68252438.91201787,-1747561.087982133,1747561.087982133
Loum Tchaouna,Burnley,2025,15000000.0,13000000,-2000000.0,-61747.52036380546,14938252.479636194,1938252.4796361942,1938252.4796361942
Archie Gray,Tottenham,2025,35000000.0,35000000,0.0,-1589730.436664647,33410269.56333535,-1589730.4366646484,1589730.4366646484
Ryan Christie,Bournemouth,2025,9000000.0,8000000,-1000000.0,-778553.7250588794,8221446.27494112,221446.2749411203,221446.2749411203
Brennan Johnson,"Crystal Palace,Tottenham",2025,35000000.0,30000000,-5000000.0,-1298366.104592207,33701633.895407796,3701633.895407796,3701633.895407796
Noni Madueke,Arsenal,2025,50000000.0,50000000,0.0,-2957370.2845126432,47042629.71548735,-2957370.2845126465,2957370.2845126465
Milos Kerkez,Liverpool,2025,40000000.0,35000000,-5000000.0,-67235.9017018459,39932764.098298155,4932764.098298155,4932764.098298155
Mohammed Kudus,Tottenham,2025,55000000.0,50000000,-5000000.0,-2746715.0127032143,52253284.98729678,2253284.9872967824,2253284.9872967824
Ladislav Krejcí,Wolverhampton Wanderers,2025,22000000.0,22000000,0.0,-389759.668675731,21610240.331324268,-389759.66867573187,389759.66867573187
Mats Wieffer,Brighton,2025,25000000.0,25000000,0.0,-317900.4036900978,24682099.596309904,-317900.403690096,317900.403690096
Nicolò Savona,Nottingham Forest,2025,18000000.0,15000000,-3000000.0,-472571.9658830301,17527428.03411697,2527428.0341169685,2527428.0341169685
Rio Ngumoha,Liverpool,2025,20000000.0,30000000,10000000.0,1412994.7379051666,21412994.737905167,-8587005.262094833,8587005.262094833
Maxim De Cuyper,Brighton,2025,22000000.0,22000000,0.0,427267.63916107843,22427267.63916108,427267.6391610801,427267.6391610801
Trai Hume,Sunderland,2025,22000000.0,22000000,0.0,1343377.9988494667,23343377.998849466,1343377.9988494664,1343377.9988494664
Dan Ballard,Sunderland,2025,20000000.0,20000000,0.0,-504060.04416184686,19495939.95583815,-504060.0441618487,504060.0441618487
Eliezer Mayenda,Sunderland,2025,18000000.0,16000000,-2000000.0,-1124529.1609740676,16875470.839025933,875470.8390259333,875470.8390259333
Estêvão,Chelsea,2025,80000000.0,80000000,0.0,-3650594.7690725145,76349405.23092748,-3650594.7690725178,3650594.7690725178
Ao Tanaka,Leeds,2025,10000000.0,13000000,3000000.0,77471.05908232396,10077471.059082324,-2922528.9409176763,2922528.9409176763
Charalampos Kostoulas,Brighton,2025,25000000.0,25000000,0.0,377297.5027425053,25377297.502742507,377297.50274250656,377297.50274250656
Granit Xhaka,Sunderland,2025,10000000.0,8000000,-2000000.0,-363143.75664826506,9636856.243351735,1636856.2433517352,1636856.2433517352
Pascal Groß,Brighton,2025,3500000.0,2500000,-1000000.0,-285605.7529915824,3214394.2470084177,714394.2470084177,714394.2470084177
James Milner,Brighton,2025,750000.0,500000,-250000.0,-35799.49099184032,714200.5090081596,214200.50900815963,214200.50900815963
Jordan Henderson,Brentford,2025,2000000.0,1200000,-800000.0,-283042.90652272326,1716957.0934772766,516957.0934772766,516957.0934772766
Ben Davies,Tottenham,2025,5000000.0,3000000,-2000000.0,-697101.2388457453,4302898.761154255,1302898.761154255,1302898.761154255
Bertrand Traoré,Sunderland,2025,5000000.0,4000000,-1000000.0,-648567.9686354822,4351432.031364517,351432.0313645173,351432.0313645173
Kyle Walker-Peters,West Ham,2025,13000000.0,12000000,-1000000.0,-779247.6885633926,12220752.311436607,220752.31143660657,220752.31143660657
Harrison Reed,Fulham,2025,3000000.0,2000000,-1000000.0,-326553.1154355018,2673446.8845644984,673446.8845644984,673446.8845644984
Axel Tuanzebe,Burnley,2025,5000000.0,5000000,0.0,-278052.6457723218,4721947.354227678,-278052.6457723221,278052.6457723221
Luke Shaw,Manchester United,2025,10000000.0,8000000,-2000000.0,-392846.4943978148,9607153.505602185,1607153.5056021847,1607153.5056021847
Sasa Lukic,Fulham,2025,12000000.0,10000000,-2000000.0,-417689.0787929865,11582310.921207013,1582310.9212070126,1582310.9212070126
Harry Maguire,Manchester United,2025,10000000.0,8000000,-2000000.0,-1110913.5433344564,8889086.456665544,889086.4566655438,889086.4566655438
Andrew Robertson,Liverpool,2025,10000000.0,7000000,-3000000.0,-1775605.6643804617,8224394.335619538,1224394.335619538,1224394.335619538
Rodri,Manchester City,2025,65000000.0,50000000,-15000000.0,-11842843.072096748,53157156.92790325,3157156.92790325,3157156.92790325
Martin Odegaard,Arsenal,2025,65000000.0,65000000,0.0,-8041733.821733821,56958266.17826618,-8041733.821733817,8041733.821733817
Issa Diop,Fulham,2025,10000000.0,8000000,-2000000.0,-1149984.529703772,8850015.470296228,850015.4702962283,850015.4702962283
Randal Kolo Muani,Tottenham,2025,22000000.0,20000000,-2000000.0,-2683154.557771262,19316845.44222874,-683154.5577712618,683154.5577712618
Yoane Wissa,Newcastle United,2025,30000000.0,25000000,-5000000.0,-4309838.077640031,25690161.92235997,690161.9223599695,690161.9223599695
Boubacar Kamara,Aston Villa,2025,40000000.0,40000000,0.0,-1964099.990501695,38035900.009498306,-1964099.9905016944,1964099.9905016944
Kenny Tete,Fulham,2025,11000000.0,8000000,-3000000.0,-628397.1617438914,10371602.83825611,2371602.8382561095,2371602.8382561095
Lewis Dunk,Brighton,2025,4000000.0,3500000,-500000.0,-327066.1496702367,3672933.8503297633,172933.85032976326,172933.85032976326
Rodrigo Bentancur,Tottenham,2025,22000000.0,20000000,-2000000.0,-2016917.4656535122,19983082.534346487,-16917.465653512627,16917.465653512627
Douglas Luiz,"Aston Villa,Nottingham Forest",2025,20000000.0,18000000,-2000000.0,-2932216.153660502,17067783.846339498,-932216.1536605023,932216.1536605023
Enes Ünal,Bournemouth,2025,8000000.0,7000000,-1000000.0,-734196.8933109926,7265803.106689007,265803.106689007,265803.106689007
Ibrahima Konaté,Liverpool,2025,50000000.0,45000000,-5000000.0,1511963.8588535653,51511963.85885356,6511963.858853564,6511963.858853564
Ethan Ampadu,Leeds,2025,25000000.0,30000000,5000000.0,2764369.7413289635,27764369.741328962,-2235630.258671038,2235630.258671038
Curtis Jones,Liverpool,2025,35000000.0,35000000,0.0,-1325642.602105559,33674357.39789444,-1325642.602105558,1325642.602105558
Jaka Bijol,Leeds,2025,18000000.0,20000000,2000000.0,-620236.889725044,17379763.110274956,-2620236.8897250444,2620236.8897250444
David Brooks,Bournemouth,2025,14000000.0,12000000,-2000000.0,282566.66823934513,14282566.668239346,2282566.668239346,2282566.668239346
William Saliba,Arsenal,2025,90000000.0,100000000,10000000.0,-1797300.2034729985,88202699.796527,-11797300.203473002,11797300.203473002
Pedro Porro,Tottenham,2025,40000000.0,35000000,-5000000.0,-3373.6309030426264,39996626.36909696,4996626.369096957,4996626.369096957
Marc Cucurella,Chelsea,2025,50000000.0,50000000,0.0,754125.7989015348,50754125.798901536,754125.7989015356,754125.7989015356
Diogo Dalot,Manchester United,2025,30000000.0,30000000,0.0,895943.3245870929,30895943.32458709,895943.3245870918,895943.3245870918
Dan Burn,Newcastle United,2025,5000000.0,4000000,-1000000.0,-442090.07799211127,4557909.922007889,557909.9220078886,557909.9220078886
Gabriel Martinelli,Arsenal,2025,45000000.0,45000000,0.0,-2118606.4585961294,42881393.54140387,-2118606.4585961327,2118606.4585961327
Jean-Ricner Bellegarde,Wolverhampton Wanderers,2025,16000000.0,16000000,0.0,-962882.3981635581,15037117.601836441,-962882.3981635589,962882.3981635589
Matthijs de Ligt,Manchester United,2025,40000000.0,30000000,-10000000.0,-1683437.888369049,38316562.111630954,8316562.111630954,8316562.111630954
Marshall Munetsi,Wolverhampton Wanderers,2025,12000000.0,15000000,3000000.0,-1244945.539994094,10755054.460005905,-4244945.5399940945,4244945.5399940945
Evann Guessand,"Aston Villa,Crystal Palace",2025,28000000.0,25000000,-3000000.0,-2086700.555232182,25913299.444767818,913299.4447678179,913299.4447678179
Riccardo Calafiori,Arsenal,2025,50000000.0,55000000,5000000.0,-1092745.201258272,48907254.79874173,-6092745.201258272,6092745.201258272
Tyrick Mitchell,Crystal Palace,2025,25000000.0,25000000,0.0,1695743.1394857857,26695743.139485784,1695743.1394857839,1695743.1394857839
Nicolás Domínguez,Nottingham Forest,2025,16000000.0,15000000,-1000000.0,-812073.146337668,15187926.853662333,187926.85366233252,187926.85366233252
Armando Broja,Burnley,2025,8000000.0,5000000,-3000000.0,-643594.4732519265,7356405.526748073,2356405.5267480733,2356405.5267480733
Chris Richards,Crystal Palace,2025,25000000.0,28000000,3000000.0,1874315.8901230248,26874315.890123025,-1125684.1098769754,1125684.1098769754
Jarrad Branthwaite,Everton,2025,45000000.0,40000000,-5000000.0,-2189188.4628171385,42810811.53718286,2810811.53718286,2810811.53718286
Sven Botman,Newcastle United,2025,35000000.0,35000000,0.0,-613369.7262731314,34386630.273726866,-613369.7262731344,613369.7262731344
Adrien Truffert,Bournemouth,2025,25000000.0,30000000,5000000.0,2752304.0764568006,27752304.0764568,-2247695.9235432,2247695.9235432
Dan Ndoye,Nottingham Forest,2025,35000000.0,32000000,-3000000.0,-2303006.485459646,32696993.514540352,696993.5145403519,696993.5145403519
Joël Veltman,Brighton,2025,2500000.0,1500000,-1000000.0,-431832.08943939075,2068167.9105606093,568167.9105606093,568167.9105606093
Maxence Lacroix,Crystal Palace,2025,40000000.0,50000000,10000000.0,1087977.1279130788,41087977.12791308,-8912022.87208692,8912022.87208692
Liam Delap,Chelsea,2025,32000000.0,28000000,-4000000.0,-2855378.240278976,29144621.759721026,1144621.7597210258,1144621.7597210258
Antonee Robinson,Fulham,2025,25000000.0,22000000,-3000000.0,-3174831.149041115,21825168.850958884,-174831.14904111624,174831.14904111624
Omar Alderete,Sunderland,2025,15000000.0,13000000,-2000000.0,-301296.9559587915,14698703.044041209,1698703.044041209,1698703.044041209
Conor Gallagher,Tottenham,2025,35000000.0,32000000,-3000000.0,-1929666.4673971192,33070333.53260288,1070333.5326028802,1070333.5326028802
Jayden Bogle,Leeds,2025,12000000.0,15000000,3000000.0,1678020.7540580698,13678020.75405807,-1321979.2459419295,1321979.2459419295
Fabio Carvalho,Brentford,2025,10000000.0,8000000,-2000000.0,116368.34016965628,10116368.340169657,2116368.340169657,2116368.340169657
Vitaly Janelt,Brentford,2025,18000000.0,16000000,-2000000.0,-730706.9850753138,17269293.014924686,1269293.0149246864,1269293.0149246864
Nathan Collins,Brentford,2025,30000000.0,30000000,0.0,1396456.8909355644,31396456.890935563,1396456.8909355626,1396456.8909355626
Nico González,Manchester City,2025,45000000.0,40000000,-5000000.0,626594.7339697342,45626594.73396973,5626594.733969733,5626594.733969733
Piero Hincapié,Arsenal,2025,50000000.0,50000000,0.0,-1131681.2052178152,48868318.794782184,-1131681.205217816,1131681.205217816
Hugo Bueno,Wolverhampton Wanderers,2025,12000000.0,12000000,0.0,658938.0583672676,12658938.058367267,658938.0583672673,658938.0583672673
Lewis Hall,Newcastle United,2025,35000000.0,40000000,5000000.0,14341.904117479598,35014341.90411748,-4985658.09588252,4985658.09588252
Omari Hutchinson,Nottingham Forest,2025,30000000.0,30000000,0.0,813541.8373783634,30813541.837378364,813541.837378364,813541.837378364
Alejandro Garnacho,Chelsea,2025,40000000.0,28000000,-12000000.0,-1547210.2593628317,38452789.74063717,10452789.740637168,10452789.740637168
Rodrigo Muniz,Fulham,2025,25000000.0,20000000,-5000000.0,-1824531.5456432137,23175468.454356786,3175468.454356786,3175468.454356786
Soungoutou Magassa,West Ham,2025,17000000.0,17000000,0.0,-782340.3221202343,16217659.677879766,-782340.3221202344,782340.3221202344
Matheus Nunes,Manchester City,2025,45000000.0,50000000,5000000.0,1751144.2632802916,46751144.263280295,-3248855.736719705,3248855.736719705
Kobbie Mainoo,Manchester United,2025,50000000.0,70000000,20000000.0,-84946.47019647023,49915053.52980353,-20084946.47019647,20084946.47019647
Michael Kayode,Brentford,2025,35000000.0,40000000,5000000.0,3507275.8809008803,38507275.88090088,-1492724.1190991178,1492724.1190991178
Brajan Gruda,Brighton,2025,28000000.0,28000000,0.0,-1537785.848915293,26462214.151084706,-1537785.8489152938,1537785.8489152938
Merlin Röhl,Everton,2025,16000000.0,16000000,0.0,-901208.372281167,15098791.627718832,-901208.3722811677,901208.3722811677
João Gomes,Wolverhampton Wanderers,2025,35000000.0,40000000,5000000.0,-1588436.5754623108,33411563.42453769,-6588436.5754623115,6588436.5754623115
Lewis Miley,Newcastle United,2025,25000000.0,25000000,0.0,1122366.4921490774,26122366.492149077,1122366.4921490774,1122366.4921490774
Simon Adingra,Sunderland,2025,25000000.0,22000000,-3000000.0,-2186724.9659744687,22813275.03402553,813275.0340255313,813275.0340255313
Calvin Bassey,Fulham,2025,28000000.0,28000000,0.0,-14010.060712346565,27985989.939287655,-14010.060712344944,14010.060712344944
Sávio,Manchester City,2025,200000.0,200000,0.0,157759.30953580645,357759.3095358064,157759.30953580642,157759.30953580642
Yehor Yarmolyuk,Brentford,2025,30000000.0,32000000,2000000.0,2264138.4272170006,32264138.427217,264138.42721699923,264138.42721699923
Andrey Santos,Chelsea,2025,45000000.0,40000000,-5000000.0,-2327775.714121925,42672224.28587808,2672224.285878077,2672224.285878077
Lorenzo Lucca,Nottingham Forest,2025,25000000.0,20000000,-5000000.0,-1225950.2817547598,23774049.71824524,3774049.718245242,3774049.718245242
Jake O&#039;Brien,Everton,2025,18000000.0,18000000,0.0,1001655.0916313954,19001655.091631394,1001655.0916313939,1001655.0916313939
Murillo,Nottingham Forest,2025,50000000.0,50000000,0.0,-1916454.6019068067,48083545.398093194,-1916454.6019068062,1916454.6019068062
Adam Wharton,Crystal Palace,2025,60000000.0,70000000,10000000.0,922442.355524593,60922442.35552459,-9077557.644475408,9077557.644475408
Joshua King,Fulham,2025,1500000.0,1200000,-300000.0,-179178.26994914477,1320821.7300508553,120821.73005085532,120821.73005085532
Josh Acheampong,Chelsea,2025,25000000.0,25000000,0.0,29217.1255149237,25029217.125514925,29217.125514924526,29217.125514924526
Lucas Bergvall,Tottenham,2025,40000000.0,35000000,-5000000.0,-2055843.4662828047,37944156.53371719,2944156.5337171927,2944156.5337171927
André,Wolverhampton Wanderers,2025,25000000.0,25000000,0.0,-295235.5551295119,24704764.444870487,-295235.55512951314,295235.55512951314
Justin Devenny,Crystal Palace,2025,12000000.0,12000000,0.0,-260419.04006845364,11739580.959931547,-260419.04006845318,260419.04006845318
Ferdi Kadioglu,Brighton,2025,30000000.0,35000000,5000000.0,1932108.6359718696,31932108.63597187,-3067891.3640281297,3067891.3640281297
Morato,Nottingham Forest,2025,14000000.0,14000000,0.0,594500.2578600643,14594500.257860065,594500.2578600645,594500.2578600645
Matt O&#039;Riley,Brighton,2025,20000000.0,18000000,-2000000.0,-1466117.577220825,18533882.422779176,533882.4227791764,533882.4227791764
Chris Rigg,Sunderland,2025,25000000.0,25000000,0.0,-1697563.7933403829,23302436.20665962,-1697563.7933403812,1697563.7933403812
Oliver Sonne,Burnley,2025,4000000.0,4000000,0.0,715265.2420981317,4715265.242098132,715265.2420981321,715265.2420981321
Josh Laurent,Burnley,2025,2000000.0,1500000,-500000.0,-75667.35321035884,1924332.6467896411,424332.6467896411,424332.6467896411
Marcus Edwards,Burnley,2025,8000000.0,6000000,-2000000.0,92758.98810460843,8092758.988104609,2092758.9881046088,2092758.9881046088
Jhon Arias,Wolverhampton Wanderers,2025,15000000.0,15000000,0.0,-1345486.6727049346,13654513.327295065,-1345486.672704935,1345486.672704935
Max Dowman,Arsenal,2025,20000000.0,30000000,10000000.0,147943.67948550932,20147943.67948551,-9852056.320514489,9852056.320514489
Stefanos Tzimas,Brighton,2025,20000000.0,18000000,-2000000.0,-1429700.5023748523,18570299.497625146,570299.4976251461,570299.4976251461
Kevin,Fulham,2025,30000000.0,25000000,-5000000.0,-1557976.2698438931,28442023.73015611,3442023.7301561087,3442023.7301561087
Fabian Schär,Newcastle United,2025,6000000.0,4000000,-2000000.0,-1023546.3924225863,4976453.607577413,976453.6075774133,976453.6075774133
Bernd Leno,Fulham,2025,8000000.0,6000000,-2000000.0,-383616.10392447974,7616383.896075521,1616383.8960755207,1616383.8960755207
Nathan Aké,Manchester City,2025,15000000.0,12000000,-3000000.0,-2299926.3201942067,12700073.679805793,700073.6798057929,700073.6798057929
Seamus Coleman,Everton,2025,300000.0,200000,-100000.0,-111432.57300339646,188567.42699660355,-11432.57300339645,11432.57300339645
John Stones,Manchester City,2025,15000000.0,12000000,-3000000.0,-2479043.5564398984,12520956.443560101,520956.4435601011,520956.4435601011
Nathaniel Clyne,Crystal Palace,2025,500000.0,300000,-200000.0,-7516.66337501954,492483.33662498044,192483.33662498044,192483.33662498044
Kyle Walker,Burnley,2025,2500000.0,1500000,-1000000.0,-123370.98711965096,2376629.012880349,876629.0128803491,876629.0128803491
Kieran Trippier,Newcastle United,2025,2500000.0,1500000,-1000000.0,-299342.3444903004,2200657.6555096996,700657.6555096996,700657.6555096996
Ola Aina,Nottingham Forest,2025,20000000.0,18000000,-2000000.0,-1222634.8171191365,18777365.182880864,777365.1828808635,777365.1828808635
Jordan Pickford,Everton,2025,15000000.0,13000000,-2000000.0,-929417.0603221452,14070582.939677855,1070582.939677855,1070582.939677855
Jamaal Lascelles,Newcastle United,2025,3500000.0,2000000,-1500000.0,-889001.0908300095,2610998.9091699906,610998.9091699906,610998.9091699906
Karl Darlow,Leeds,2025,200000.0,200000,0.0,105691.29869380833,305691.2986938083,105691.29869380832,105691.29869380832
Adam Smith,Bournemouth,2025,500000.0,300000,-200000.0,53271.80712500758,553271.8071250076,253271.80712500762,253271.80712500762
James Ward-Prowse,"Burnley,West Ham",2025,6000000.0,5000000,-1000000.0,-636010.0334330229,5363989.966566977,363989.9665669771,363989.9665669771
Freddie Woodman,Liverpool,2025,3000000.0,3000000,0.0,-284738.59383357037,2715261.4061664296,-284738.59383357037,284738.59383357037
Adama Traoré,"Fulham,West Ham",2025,8000000.0,6000000,-2000000.0,-1014185.8442070751,6985814.155792925,985814.1557929246,985814.1557929246
Sam Byram,Leeds,2025,600000.0,400000,-200000.0,-73776.1783936815,526223.8216063185,126223.82160631847,126223.82160631847
Patrick Roberts,Sunderland,2025,2500000.0,3200000,700000.0,-252452.87882725682,2247547.1211727434,-952452.8788272566,952452.8788272566
Sam Johnstone,Wolverhampton Wanderers,2025,3000000.0,2000000,-1000000.0,-607503.3982814506,2392496.6017185496,392496.6017185496,392496.6017185496
Tyrone Mings,Aston Villa,2025,4000000.0,3000000,-1000000.0,-490209.80421905575,3509790.195780944,509790.1957809441,509790.1957809441
Gianluigi Donnarumma,Manchester City,2025,45000000.0,45000000,0.0,238230.8571058572,45238230.85710586,238230.85710585862,238230.85710585862
Alisson,Liverpool,2025,17000000.0,15000000,-2000000.0,-1983251.642403326,15016748.357596673,16748.35759667307,16748.35759667307
Emil Krafth,Newcastle United,2025,1000000.0,750000,-250000.0,-185648.41034829582,814351.5896517042,64351.589651704184,64351.589651704184
Arthur Masuaku,Sunderland,2025,2500000.0,2000000,-500000.0,-458962.2085130001,2041037.791487,41037.79148699995,41037.79148699995
Lewis Cook,Bournemouth,2025,13000000.0,11000000,-2000000.0,-1420066.3165167023,11579933.683483297,579933.683483297,579933.683483297
Lucas Digne,Aston Villa,2025,8000000.0,6000000,-2000000.0,-636586.3720594096,7363413.6279405905,1363413.6279405905,1363413.6279405905
Jefferson Lerma,Crystal Palace,2025,8000000.0,6000000,-2000000.0,-628154.0669011598,7371845.9330988405,1371845.9330988405,1371845.9330988405
Mateo Kovacic,Manchester City,2025,12000000.0,10000000,-2000000.0,-2519848.1923071607,9480151.807692839,-519848.19230716117,519848.19230716117
Alphonse Areola,West Ham,2025,5000000.0,4000000,-1000000.0,-768336.9821268696,4231663.017873131,231663.01787313074,231663.01787313074
Oleksandr Zinchenko,Nottingham Forest,2025,10000000.0,8000000,-2000000.0,-1787598.5743909255,8212401.4256090745,212401.42560907453,212401.42560907453
Olivier Boscagli,Brighton,2025,15000000.0,15000000,0.0,-1376468.0062173808,13623531.993782619,-1376468.006217381,1376468.006217381
Odsonne Edouard,Crystal Palace,2025,12000000.0,12000000,0.0,-1100351.6726237708,10899648.32737623,-1100351.6726237703,1100351.6726237703
Emiliano Martinez,Aston Villa,2025,15000000.0,12000000,-3000000.0,-1586639.531765715,13413360.468234286,1413360.4682342857,1413360.4682342857
Ashley Barnes,Burnley,2025,200000.0,150000,-50000.0,-34567.914526978784,165432.0854730212,15432.085473021201,15432.085473021201
Leon Bailey,Aston Villa,2025,16000000.0,14000000,-2000000.0,-2628754.5805936363,13371245.419406364,-628754.5805936363,628754.5805936363
Kevin Danso,Tottenham,2025,20000000.0,20000000,0.0,-1610564.5372612588,18389435.46273874,-1610564.5372612588,1610564.5372612588
Jacob Bruun Larsen,Burnley,2025,5000000.0,4000000,-1000000.0,-37526.60293921331,4962473.397060786,962473.3970607864,962473.3970607864
Angus Gunn,Nottingham Forest,2025,1500000.0,1000000,-500000.0,-126860.18507891889,1373139.814921081,373139.81492108107,373139.81492108107
Nick Pope,Newcastle United,2025,7000000.0,5000000,-2000000.0,-797455.3766772784,6202544.623322722,1202544.6233227216,1202544.6233227216
Aaron Wan-Bissaka,West Ham,2025,22000000.0,15000000,-7000000.0,-1675274.163949698,20324725.8360503,5324725.836050302,5324725.836050302
Tosin Adarabioyo,Chelsea,2025,18000000.0,16000000,-2000000.0,-1734913.305953733,16265086.694046266,265086.6940462664,265086.6940462664
Daniel James,Leeds,2025,12000000.0,10000000,-2000000.0,-2228361.8721683705,9771638.12783163,-228361.8721683696,228361.8721683696
Angel Gomes,Wolverhampton Wanderers,2025,12000000.0,10000000,-2000000.0,-1757450.3107364008,10242549.689263599,242549.689263599,242549.689263599
Aaron Ramsdale,Newcastle United,2025,12000000.0,12000000,0.0,-1361519.8959169798,10638480.10408302,-1361519.8959169798,1361519.8959169798
Yves Bissouma,Tottenham,2025,12000000.0,10000000,-2000000.0,-2162114.51787395,9837885.48212605,-162114.5178739503,162114.5178739503
Walter Benítez,Crystal Palace,2025,5000000.0,4000000,-1000000.0,-903484.1879513375,4096515.8120486625,96515.81204866245,96515.81204866245
Youri Tielemans,Aston Villa,2025,35000000.0,30000000,-5000000.0,-3217988.1415285855,31782011.858471416,1782011.858471416,1782011.858471416
Solly March,Brighton,2025,2000000.0,1000000,-1000000.0,-531269.3940031163,1468730.6059968837,468730.6059968837,468730.6059968837
Victor Lindelöf,Aston Villa,2025,6000000.0,5000000,-1000000.0,-1014841.8020350166,4985158.197964983,-14841.802035016939,14841.802035016939
Niclas Füllkrug,West Ham,2025,5000000.0,3500000,-1500000.0,-1367870.2356484092,3632129.7643515905,132129.76435159054,132129.76435159054
Will Hughes,Crystal Palace,2025,6000000.0,5000000,-1000000.0,-463240.0742880713,5536759.925711929,536759.9257119289,536759.9257119289
Daichi Kamada,Crystal Palace,2025,12000000.0,10000000,-2000000.0,496157.4668770189,12496157.466877019,2496157.466877019,2496157.466877019
Timothy Castagne,Fulham,2025,10000000.0,8000000,-2000000.0,-602552.1672326813,9397447.832767319,1397447.832767319,1397447.832767319
Nikola Milenkovic,Nottingham Forest,2025,30000000.0,28000000,-2000000.0,17289.413201177937,30017289.41320118,2017289.4132011794,2017289.4132011794
Pau Torres,Aston Villa,2025,22000000.0,20000000,-2000000.0,-3490160.2693816526,18509839.730618346,-1490160.2693816535,1490160.2693816535
Joachim Andersen,Fulham,2025,25000000.0,20000000,-5000000.0,-1523858.9465016716,23476141.053498328,3476141.0534983277,3476141.0534983277
Jadon Sancho,Aston Villa,2025,20000000.0,18000000,-2000000.0,-1603157.1157346605,18396842.88426534,396842.88426534086,396842.88426534086
Reiss Nelson,Brentford,2025,12000000.0,8000000,-4000000.0,-1777378.7353638876,10222621.264636112,2222621.2646361124,2222621.2646361124
Martin Dubravka,Burnley,2025,750000.0,500000,-250000.0,121898.74245868703,871898.742458687,371898.74245868705,371898.74245868705
Joe Willock,Newcastle United,2025,16000000.0,14000000,-2000000.0,-1012424.3081038187,14987575.691896182,987575.6918961816,987575.6918961816
Rayan Ait Nouri,Manchester City,2025,40000000.0,40000000,0.0,-1628954.4482596254,38371045.55174038,-1628954.4482596219,1628954.4482596219
Dwight McNeil,Everton,2025,20000000.0,18000000,-2000000.0,-1740897.8198461458,18259102.180153854,259102.1801538542,259102.1801538542
Jean-Clair Todibo,West Ham,2025,23000000.0,22000000,-1000000.0,-1139534.227731198,21860465.772268802,-139534.22773119807,139534.22773119807
James Maddison,Tottenham,2025,25000000.0,20000000,-5000000.0,-5157839.03773242,19842160.96226758,-157839.03773241863,157839.03773241863
Matt Doherty,Wolverhampton Wanderers,2025,1500000.0,1000000,-500000.0,-141867.18791346072,1358132.8120865393,358132.81208653934,358132.81208653934
Axel Disasi,West Ham,2025,15000000.0,15000000,0.0,-808922.044357961,14191077.955642039,-808922.044357961,808922.044357961
Matz Sels,Nottingham Forest,2025,4000000.0,3500000,-500000.0,-681211.067738407,3318788.932261593,-181211.06773840683,181211.06773840683
Borna Sosa,Crystal Palace,2025,4000000.0,3000000,-1000000.0,-488955.54632451065,3511044.4536754894,511044.4536754894,511044.4536754894
Christian Nørgaard,Arsenal,2025,7000000.0,5000000,-2000000.0,-1458584.7624989448,5541415.237501055,541415.237501055,541415.237501055
Bafode Diakite,Bournemouth,2025,30000000.0,25000000,-5000000.0,-1198990.6542809978,28801009.345719002,3801009.345719002,3801009.345719002
Ben White,Arsenal,2025,30000000.0,30000000,0.0,-2854671.1398623143,27145328.860137686,-2854671.139862314,2854671.139862314
Harvey Elliott,"Aston Villa,Liverpool",2025,22000000.0,20000000,-2000000.0,-2931211.3499926003,19068788.6500074,-931211.3499925993,931211.3499925993
Wesley Fofana,Chelsea,2025,28000000.0,28000000,0.0,-88244.14678960812,27911755.853210393,-88244.14678960666,88244.14678960666
Dean Henderson,Crystal Palace,2025,28000000.0,28000000,0.0,-876538.7509561097,27123461.24904389,-876538.7509561107,876538.7509561107
Sebastiaan Bornauw,Leeds,2025,8000000.0,8000000,0.0,-762579.2386444011,7237420.761355599,-762579.2386444006,762579.2386444006
Caoimhin Kelleher,Brentford,2025,25000000.0,28000000,3000000.0,810323.8352234644,25810323.835223466,-2189676.164776534,2189676.164776534
Igor Julio,West Ham,2025,12000000.0,10000000,-2000000.0,-1898078.2889653242,10101921.711034676,101921.71103467606,101921.71103467606
Sandro Tonali,Newcastle United,2025,80000000.0,80000000,0.0,-3510027.771656449,76489972.22834355,-3510027.7716564536,3510027.7716564536
Ilia Gruev,Leeds,2025,12000000.0,12000000,0.0,-347541.5437600677,11652458.456239933,-347541.54376006685,347541.54376006685
Guido Rodríguez,West Ham,2025,5000000.0,4000000,-1000000.0,-1071119.2403074768,3928880.759692523,-71119.24030747684,71119.24030747684
Sander Berge,Fulham,2025,25000000.0,25000000,0.0,1084587.455046024,26084587.455046024,1084587.4550460242,1084587.4550460242
Ki-Jana Hoever,Wolverhampton Wanderers,2025,5000000.0,3500000,-1500000.0,-262320.63419364305,4737679.365806357,1237679.365806357,1237679.365806357
Luca Netz,Nottingham Forest,2025,6000000.0,8000000,2000000.0,177371.00002615122,6177371.000026152,-1822628.9999738485,1822628.9999738485
Jorge Cuenca,Fulham,2025,8000000.0,8000000,0.0,-314765.63246613875,7685234.367533862,-314765.63246613834,314765.63246613834
Dennis Cirkin,Sunderland,2025,8000000.0,6000000,-2000000.0,-482487.4760559797,7517512.52394402,1517512.5239440203,1517512.5239440203
Pascal Struijk,Leeds,2025,22000000.0,22000000,0.0,14505.964640875756,22014505.964640874,14505.964640874416,14505.964640874416
Jack Harrison,Leeds,2025,8000000.0,6500000,-1500000.0,-1563350.5061027263,6436649.493897274,-63350.50610272586,63350.50610272586
Wataru Endo,Liverpool,2025,5000000.0,4000000,-1000000.0,-1250287.3990570812,3749712.600942919,-250287.39905708097,250287.39905708097
Sasa Kalajdzic,Wolverhampton Wanderers,2025,2000000.0,4000000,2000000.0,-376046.96125365014,1623953.03874635,-2376046.96125365,2376046.96125365
Guglielmo Vicario,Tottenham,2025,23000000.0,18000000,-5000000.0,-3569549.093600217,19430450.906399783,1430450.9063997827,1430450.9063997827
Dilane Bakwa,Nottingham Forest,2025,28000000.0,28000000,0.0,-2734507.6217116243,25265492.378288377,-2734507.621711623,2734507.621711623
Aaron Hickey,Brentford,2025,16000000.0,16000000,0.0,-817368.8693626764,15182631.130637323,-817368.8693626765,817368.8693626765
James Trafford,Manchester City,2025,25000000.0,25000000,0.0,-1859232.3451835946,23140767.654816404,-1859232.345183596,1859232.345183596
Robert Sánchez,Chelsea,2025,22000000.0,22000000,0.0,1620626.7618411088,23620626.761841107,1620626.7618411072,1620626.7618411072
Radu Dragusin,Tottenham,2025,20000000.0,16000000,-4000000.0,-2006315.9640383308,17993684.03596167,1993684.035961669,1993684.035961669
Filip Jorgensen,Chelsea,2025,15000000.0,15000000,0.0,-1330101.4312954992,13669898.5687045,-1330101.4312954992,1330101.4312954992
Jeremie Frimpong,Liverpool,2025,35000000.0,35000000,0.0,-3125854.1281519043,31874145.871848095,-3125854.128151905,3125854.128151905
Dane Scarlett,Tottenham,2025,2000000.0,1500000,-500000.0,-30152.099576854347,1969847.9004231456,469847.9004231456,469847.9004231456
Maxime Estève,Burnley,2025,25000000.0,28000000,3000000.0,1533386.9168620957,26533386.916862097,-1466613.0831379034,1466613.0831379034
Anthony Elanga,Newcastle United,2025,40000000.0,32000000,-8000000.0,-3143483.6217852873,36856516.37821471,4856516.378214709,4856516.378214709
Tim Iroegbunam,Everton,2025,15000000.0,18000000,3000000.0,175635.49975375822,15175635.499753758,-2824364.5002462417,2824364.5002462417
Marco Bizot,Aston Villa,2025,2500000.0,1500000,-1000000.0,-451313.64588797686,2048686.354112023,548686.354112023,548686.354112023
David Raya,Arsenal,2025,35000000.0,30000000,-5000000.0,-4220251.91349185,30779748.08650815,779748.0865081511,779748.0865081511
Kristoffer Ajer,Brentford,2025,18000000.0,18000000,0.0,-1388180.3552916092,16611819.644708391,-1388180.3552916087,1388180.3552916087
Ethan Pinnock,Brentford,2025,4000000.0,3000000,-1000000.0,-1025718.2231416001,2974281.7768583996,-25718.223141600378,25718.223141600378
Rico Henry,Brentford,2025,15000000.0,13000000,-2000000.0,-1366645.3181385128,13633354.681861486,633354.6818614863,633354.6818614863
Frank Onyeka,Brentford,2025,7000000.0,8000000,1000000.0,-727297.4818079855,6272702.518192015,-1727297.4818079853,1727297.4818079853
Giorgi Mamardashvili,Liverpool,2025,28000000.0,28000000,0.0,-2225582.4000758105,25774417.599924188,-2225582.400075812,2225582.400075812
José Sá,Wolverhampton Wanderers,2025,5000000.0,3500000,-1500000.0,-744139.86831575,4255860.13168425,755860.1316842502,755860.1316842502
Gabriel Gudmundsson,Leeds,2025,20000000.0,20000000,0.0,-557569.0885648588,19442430.911435142,-557569.0885648578,557569.0885648578
Yerson Mosquera,Wolverhampton Wanderers,2025,12000000.0,12000000,0.0,-43751.588666526106,11956248.411333473,-43751.5886665266,43751.5886665266
Romeo Lavia,Chelsea,2025,25000000.0,22000000,-3000000.0,-2782468.6151521085,22217531.38484789,217531.3848478906,217531.3848478906
Cristhian Mosquera,Arsenal,2025,35000000.0,40000000,5000000.0,-299631.5197358543,34700368.48026414,-5299631.519735858,5299631.519735858
Lamare Bogarde,Aston Villa,2025,15000000.0,18000000,3000000.0,49588.60426321083,15049588.60426321,-2950411.3957367893,2950411.3957367893
Conor Bradley,Liverpool,2025,30000000.0,25000000,-5000000.0,-2324679.887133091,27675320.11286691,2675320.1128669083,2675320.1128669083
James McAtee,Nottingham Forest,2025,20000000.0,18000000,-2000000.0,-2037890.29274909,17962109.70725091,-37890.29274908826,37890.29274908826
Diego Coppola,Brighton,2025,10000000.0,18000000,8000000.0,-516198.85143567505,9483801.148564326,-8516198.851435674,8516198.851435674
Myles Peart-Harris,Brentford,2025,900000.0,900000,0.0,29310.895861128723,929310.8958611287,29310.895861128694,29310.895861128694
Vitalii Mykolenko,Everton,2025,25000000.0,25000000,0.0,473783.6412601455,25473783.641260147,473783.6412601471,473783.6412601471
Nathan Patterson,Everton,2025,10000000.0,10000000,0.0,-836027.8989169109,9163972.101083089,-836027.8989169113,836027.8989169113
Toti,Wolverhampton Wanderers,2025,20000000.0,18000000,-2000000.0,-1802328.9473773015,18197671.0526227,197671.05262269825,197671.05262269825
Josh Dasilva,Brentford,2025,2000000.0,1500000,-500000.0,-421917.5043122242,1578082.4956877758,78082.49568777578,78082.49568777578
Carlos Baleba,Brighton,2025,55000000.0,55000000,0.0,-2879165.133477634,52120834.866522364,-2879165.1334776357,2879165.1334776357
Leny Yoro,Manchester United,2025,50000000.0,50000000,0.0,-3067163.7504652217,46932836.24953478,-3067163.7504652217,3067163.7504652217
Tyler Dibling,Everton,2025,22000000.0,17000000,-5000000.0,-2155983.645968133,19844016.35403187,2844016.3540318683,2844016.3540318683
Noussair Mazraoui,Manchester United,2025,20000000.0,18000000,-2000000.0,-1319680.1670391213,18680319.832960878,680319.8329608776,680319.8329608776
Sepp van den Berg,Brentford,2025,32000000.0,32000000,0.0,634762.5851901377,32634762.585190136,634762.585190136,634762.585190136
James Hill,Bournemouth,2025,15000000.0,23000000,8000000.0,1522299.3735113991,16522299.3735114,-6477700.6264886,6477700.6264886
Joe Worrall,Burnley,2025,3000000.0,2000000,-1000000.0,-479449.5499587013,2520550.4500412988,520550.45004129875,520550.45004129875
Djed Spence,Tottenham,2025,30000000.0,30000000,0.0,-749936.0773429882,29250063.922657013,-749936.0773429871,749936.0773429871
Lisandro Martínez,Manchester United,2025,40000000.0,40000000,0.0,-3009997.3021811265,36990002.697818875,-3009997.3021811247,3009997.3021811247
Tyrell Malacia,Manchester United,2025,5000000.0,4000000,-1000000.0,-824030.9526151204,4175969.0473848796,175969.04738487955,175969.04738487955
Levi Colwill,Chelsea,2025,50000000.0,50000000,0.0,-2167896.3503100486,47832103.64968995,-2167896.35031005,2167896.35031005
Wilson Odobert,Tottenham,2025,20000000.0,18000000,-2000000.0,-759411.8192223854,19240588.180777613,1240588.180777613,1240588.180777613
Rico Lewis,Manchester City,2025,32000000.0,28000000,-4000000.0,-3363944.900701746,28636055.099298254,636055.0992982537,636055.0992982537
Emmanuel Agbadou,Wolverhampton Wanderers,2025,18000000.0,16000000,-2000000.0,-1453806.3386569896,16546193.66134301,546193.6613430101,546193.6613430101
Marcos Senesi,Bournemouth,2025,22000000.0,25000000,3000000.0,1167417.7304177305,23167417.730417732,-1832582.2695822679,1832582.2695822679
Ryan Yates,Nottingham Forest,2025,8000000.0,7000000,-1000000.0,-803319.0977560157,7196680.902243984,196680.90224398393,196680.90224398393
Kaden Rodney,Crystal Palace,2025,200000.0,200000,0.0,73915.41447714687,273915.4144771469,73915.41447714687,73915.41447714687
Ethan Nwaneri,Arsenal,2025,40000000.0,35000000,-5000000.0,-2077067.2678320706,37922932.73216793,2922932.7321679294,2922932.7321679294
Wilfried Gnonto,Leeds,2025,18000000.0,16000000,-2000000.0,-1885553.9875335295,16114446.01246647,114446.01246646978,114446.01246646978
Chadi Riad,Crystal Palace,2025,12000000.0,15000000,3000000.0,-876972.2492194164,11123027.750780584,-3876972.2492194157,3876972.2492194157
Bashir Humphreys,Burnley,2025,15000000.0,12000000,-3000000.0,-17274.945610587856,14982725.054389412,2982725.0543894116,2982725.0543894116
Mamadou Sarr,Chelsea,2025,25000000.0,22000000,-3000000.0,-1809555.1211754393,23190444.87882456,1190444.8788245618,1190444.8788245618
Carlos Alcaraz,Everton,2025,15000000.0,15000000,0.0,-1004018.0445222304,13995981.95547777,-1004018.0445222296,1004018.0445222296
Daniel Bentley,Wolverhampton Wanderers,2025,1000000.0,800000,-200000.0,-38253.27121419191,961746.7287858081,161746.72878580808,161746.72878580808
Facundo Buonanotte,"Chelsea,Leeds",2025,16000000.0,12000000,-4000000.0,-1507234.940851956,14492765.059148043,2492765.0591480434,2492765.0591480434
Romaine Mundle,Sunderland,2025,8000000.0,7000000,-1000000.0,-313775.90000680165,7686224.099993198,686224.0999931982,686224.0999931982
Marc Guiu,"Chelsea,Sunderland",2025,12000000.0,12000000,0.0,158743.34176845028,12158743.341768451,158743.34176845104,158743.34176845104
Zeki Amdouni,Burnley,2025,9000000.0,7000000,-2000000.0,-766504.948472716,8233495.051527284,1233495.051527284,1233495.051527284
Hjalmar Ekdal,Burnley,2025,6000000.0,5000000,-1000000.0,47770.76686580069,6047770.766865801,1047770.7668658011,1047770.7668658011
Bart Verbruggen,Brighton,2025,40000000.0,40000000,0.0,1058841.427330397,41058841.4273304,1058841.427330397,1058841.427330397
Abduqodir Khusanov,Manchester City,2025,35000000.0,50000000,15000000.0,-907231.104452707,34092768.89554729,-15907231.104452707,15907231.104452707
Manuel Ugarte,Manchester United,2025,30000000.0,25000000,-5000000.0,-1583552.743249531,28416447.25675047,3416447.256750468,3416447.256750468
Ian Maatsen,Aston Villa,2025,30000000.0,30000000,0.0,-1619983.327578529,28380016.67242147,-1619983.3275785297,1619983.3275785297
Lucas Pires,Burnley,2025,5000000.0,4000000,-1000000.0,170909.56490552053,5170909.5649055205,1170909.5649055205,1170909.5649055205
Oscar Bobb,"Fulham,Manchester City",2025,30000000.0,28000000,-2000000.0,-1152728.6472826032,28847271.352717396,847271.3527173959,847271.3527173959
Djordje Petrovic,Bournemouth,2025,28000000.0,28000000,0.0,515000.74590323947,28515000.74590324,515000.74590323865,515000.74590323865
Mike Trésor,Burnley,2025,3000000.0,2000000,-1000000.0,-427732.54660312814,2572267.4533968717,572267.4533968717,572267.4533968717
Jackson Tchatchoua,Wolverhampton Wanderers,2025,12000000.0,12000000,0.0,782235.7814838522,12782235.781483851,782235.7814838514,782235.7814838514
Alex Murphy,Newcastle United,2025,1500000.0,1500000,0.0,130868.63824220652,1630868.6382422065,130868.63824220654,130868.63824220654
Tawanda Chirewa,Wolverhampton Wanderers,2025,500000.0,450000,-50000.0,50948.22629590108,550948.2262959011,100948.22629590111,100948.22629590111
Myles Lewis-Skelly,Arsenal,2025,35000000.0,45000000,10000000.0,-3011539.172167803,31988460.827832196,-13011539.172167804,13011539.172167804
Oliver Scarles,West Ham,2025,10000000.0,10000000,0.0,31712.662638277492,10031712.662638277,31712.662638276815,31712.662638276815
Callum Marshall,West Ham,2025,2000000.0,2000000,0.0,260239.034725379,2260239.034725379,260239.0347253792,260239.0347253792
Lucas Perri,Leeds,2025,13000000.0,10000000,-3000000.0,-560685.05816919,12439314.94183081,2439314.94183081,2439314.94183081
George Earthy,West Ham,2025,200000.0,1000000,800000.0,201071.84931671558,401071.8493167156,-598928.1506832844,598928.1506832844
Tyrique George,"Chelsea,Everton",2025,22000000.0,20000000,-2000000.0,-304643.67686143646,21695356.323138565,1695356.3231385648,1695356.3231385648
Hákon Valdimarsson,Brentford,2025,2500000.0,2500000,0.0,110027.44283965834,2610027.4428396584,110027.44283965835,110027.44283965835
Christantus Uche,Crystal Palace,2025,15000000.0,12000000,-3000000.0,-879207.3548800298,14120792.64511997,2120792.6451199707,2120792.6451199707
Harrison Armstrong,Everton,2025,12000000.0,12000000,0.0,340614.9645152966,12340614.964515297,340614.96451529674,340614.96451529674
Jota Silva,Nottingham Forest,2025,12000000.0,10000000,-2000000.0,-914196.0896554089,11085803.910344591,1085803.9103445914,1085803.9103445914
Mads Hermansen,West Ham,2025,15000000.0,15000000,0.0,-113685.41146747775,14886314.588532522,-113685.41146747768,113685.41146747768
Luis Guilherme,West Ham,2025,12000000.0,12000000,0.0,-1041911.4055488366,10958088.594451163,-1041911.405548837,1041911.405548837
Lutsharel Geertruida,Sunderland,2025,20000000.0,20000000,0.0,-580384.9275726246,19419615.072427377,-580384.9275726229,580384.9275726229
Ayden Heaven,Manchester United,2025,20000000.0,30000000,10000000.0,1293041.6862128263,21293041.686212827,-8706958.313787173,8706958.313787173
Jaydee Canvot,Crystal Palace,2025,20000000.0,28000000,8000000.0,2110414.571606109,22110414.571606107,-5889585.428393893,5889585.428393893
Dário Essugo,Chelsea,2025,17000000.0,15000000,-2000000.0,83810.29136874378,17083810.291368745,2083810.2913687453,2083810.2913687453
Pedro Lima,Wolverhampton Wanderers,2025,4000000.0,4000000,0.0,261821.06325330184,4261821.063253302,261821.06325330213,261821.06325330213
Callum Olusesi,Tottenham,2025,500000.0,500000,0.0,313206.3875198933,813206.3875198932,313206.38751989324,313206.38751989324
Ben Winterburn,Bournemouth,2025,500000.0,450000,-50000.0,124167.28497310882,624167.2849731088,174167.2849731088,174167.2849731088
Ezra Mayers,West Ham,2025,1200000.0,2000000,800000.0,284374.3141632067,1484374.3141632066,-515625.6858367934,515625.6858367934
Jonah Kusi-Asare,Fulham,2025,4000000.0,3000000,-1000000.0,147842.51396236094,4147842.513962361,1147842.513962361,1147842.513962361
Max Alleyne,Manchester City,2025,8000000.0,8000000,0.0,105970.95642732858,8105970.956427328,105970.95642732829,105970.95642732829
Zach Abbott,Nottingham Forest,2025,3000000.0,4000000,1000000.0,167815.43485048786,3167815.434850488,-832184.5651495121,832184.5651495121
Antonín Kinsky,Tottenham,2025,13000000.0,15000000,2000000.0,-645977.659468142,12354022.340531858,-2645977.6594681423,2645977.6594681423
Romain Esse,Crystal Palace,2025,10000000.0,10000000,0.0,-222950.53632278743,9777049.463677213,-222950.5363227874,222950.5363227874
Andrés García,Aston Villa,2025,7000000.0,6000000,-1000000.0,-451519.7862802502,6548480.21371975,548480.2137197498,548480.2137197498
Tyler Fredricson,Manchester United,2025,3000000.0,3000000,0.0,-6768.6481797779425,2993231.351820222,-6768.648179777898,6768.648179777898
Julio Soler,Bournemouth,2025,8000000.0,8000000,0.0,-134767.30993738046,7865232.69006262,-134767.30993738025,134767.30993738025
Shumaira Mheuka,Chelsea,2025,800000.0,800000,0.0,251502.44144914826,1051502.4414491483,251502.44144914835,251502.44144914835
Robin Roefs,Sunderland,2025,25000000.0,28000000,3000000.0,2566895.061544953,27566895.061544955,-433104.9384550452,433104.9384550452
Jenson Seelt,Sunderland,2025,5000000.0,5000000,0.0,54091.664477507984,5054091.664477508,54091.664477507584,54091.664477507584
Noah Sadiki,Sunderland,2025,30000000.0,35000000,5000000.0,4363310.26355722,34363310.26355722,-636689.736442782,636689.736442782
El Hadji Malick Diouf,West Ham,2025,28000000.0,28000000,0.0,2510088.827382937,30510088.827382937,2510088.827382937,2510088.827382937
Freddie Potts,West Ham,2025,10000000.0,10000000,0.0,328324.1731675245,10328324.173167525,328324.17316752486,328324.17316752486
Quilindschy Hartman,Burnley,2025,18000000.0,16000000,-2000000.0,1224965.0728206006,19224965.0728206,3224965.0728206,3224965.0728206
David Møller Wolfe,Wolverhampton Wanderers,2025,10000000.0,8000000,-2000000.0,-355769.5233458608,9644230.476654138,1644230.4766541384,1644230.4766541384
Jorrel Hato,Chelsea,2025,35000000.0,40000000,5000000.0,-906879.1116094305,34093120.88839057,-5906879.111609429,5906879.111609429
Rio Cardines,Crystal Palace,2025,300000.0,300000,0.0,780963.6125998823,1080963.6125998823,780963.6125998823,780963.6125998823
Jair,Nottingham Forest,2025,1000000.0,800000,-200000.0,-230327.0231526502,769672.9768473498,-30327.023152650218,30327.023152650218
Antoni Milambo,Brentford,2025,20000000.0,15000000,-5000000.0,-1155569.2622318666,18844430.737768132,3844430.7377681322,3844430.7377681322
Joël Piroe,Leeds,2025,13000000.0,10000000,-3000000.0,-2021228.1461698317,10978771.853830168,978771.853830168,978771.853830168
Bradley Burrowes,Aston Villa,2025,2000000.0,2000000,0.0,90727.72771013854,2090727.7277101385,90727.72771013854,90727.72771013854
John Victor,Nottingham Forest,2025,7000000.0,5000000,-2000000.0,-918673.3753749992,6081326.624625001,1081326.624625001,1081326.624625001
Veljko Milosavljevic,Bournemouth,2025,20000000.0,20000000,0.0,-534526.6552564823,19465473.344743516,-534526.6552564837,534526.6552564837
Tom Watson,Brighton,2025,10000000.0,7000000,-3000000.0,-159345.6773563991,9840654.3226436,2840654.3226436004,2840654.3226436004
Senne Lammens,Manchester United,2025,30000000.0,35000000,5000000.0,1519447.8151160227,31519447.81511602,-3480552.184883978,3480552.184883978
Luke O&#039;Nien,Sunderland,2025,1000000.0,700000,-300000.0,-136623.1163980583,863376.8836019416,163376.88360194163,163376.88360194163
Romelle Donovan,Brentford,2025,3500000.0,3500000,0.0,338023.478024259,3838023.478024259,338023.4780242592,338023.4780242592
Mohamadou Kanté,West Ham,2025,300000.0,1000000,700000.0,691497.7675001889,991497.7675001889,-8502.2324998111,8502.2324998111
Jaydon Banel,Burnley,2025,1000000.0,1000000,0.0,71877.86022939447,1071877.8602293944,71877.8602293944,71877.8602293944
Pablo,West Ham,2025,18000000.0,18000000,0.0,-14111.247354319416,17985888.75264568,-14111.247354321182,14111.247354321182
Kaye Furo,Brentford,2025,8000000.0,8000000,0.0,79555.3597677937,8079555.359767794,79555.35976779368,79555.35976779368
Alex Tóth,Bournemouth,2025,12000000.0,12000000,0.0,-100330.35402226345,11899669.645977737,-100330.35402226262,100330.35402226262
Souza,Tottenham,2025,12000000.0,12000000,0.0,-37559.19682159862,11962440.803178402,-37559.196821598336,37559.196821598336
Nilson Angulo,Sunderland,2025,17000000.0,17000000,0.0,-675735.8175194693,16324264.18248053,-675735.8175194692,675735.8175194692
Melker Ellborg,Sunderland,2025,3000000.0,3000000,0.0,191132.79628282745,3191132.7962828274,191132.7962828274,191132.7962828274
